date,state,us_state_or_territory,positive,probablecases,negative,pending,totaltestresultssource,totaltestresults,hospitalizedcurrently,hospitalizedcumulative,inicucurrently,inicucumulative,onventilatorcurrently,onventilatorcumulative,recovered,lastupdateet,datemodified,checktimeet,death,hospitalized,hospitalizeddischarged,datechecked,totaltestsviral,positivetestsviral,negativetestsviral,positivecasesviral,deathconfirmed,deathprobable,totaltestencountersviral,totaltestspeopleviral,totaltestsantibody,positivetestsantibody,negativetestsantibody,totaltestspeopleantibody,positivetestspeopleantibody,negativetestspeopleantibody,totaltestspeopleantigen,positivetestspeopleantigen,totaltestsantigen,positivetestsantigen,fips,positiveincrease,negativeincrease,total,totaltestresultsincrease,posneg,dataqualitygrade,deathincrease,hospitalizedincrease,hash,commercialscore,negativeregularscore,negativescore,positivescore,score,grade
2021-02-02,AK,Alaska,52775,,,,totalTestsViral,1511785,49,1209,,,10,,,2021-02-02T03:59:00,2021-02-02T03:59:00Z,02/01 22:59,279,1209,,2021-02-02T03:59:00Z,1511785,63485,1446577,,,,,,,,,,,,,,,,2,107,0,52775,4123,52775,,17,4,4635db34a5e1a4bc2fc4fb076933d38bd911d75b,0,0,0,0,0,
2021-02-02,AL,Alabama,462938,98540,1769438,,totalTestsPeopleViral,2133836,1868,42328,,2555,,1456,242143,2021-02-02T11:00:00,2021-02-02T11:00:00Z,02/02 06:00,7894,42328,,2021-02-02T11:00:00Z,,,,364398,6314,1580,,2133836,,,,138639,,,,,,,1,2078,-11759,2232376,-10589,2232376,,206,469,88f478c412afc13d3e7f05fe8e6ecae1e02308c6,0,0,0,0,0,
2021-02-02,AR,Arkansas,298004,60671,2208897,,totalTestsViral,2446230,869,13730,260,,141,1433,276704,2021-02-02T00:00:00,2021-02-02T00:00:00Z,02/01 19:00,4939,13730,,2021-02-02T00:00:00Z,2446230,,2208897,237333,3971,968,,,,,,,,,371564,71087,,,5,1510,6936,2506901,7729,2506901,,44,79,f3f9ec4f255ac6c69f75a5cf8fd6db70611c6671,0,0,0,0,0,
2021-02-02,AS,American Samoa,0,,2140,,totalTestsViral,2140,,,,,,,,2020-12-01T00:00:00,2020-12-01T00:00:00Z,11/30 19:00,0,,,2020-12-01T00:00:00Z,2140,,,0,,,,,,,,,,,,,,,60,0,0,2140,0,2140,,0,0,79ead8437b30973120b4d656faa7b50eeaca62fe,0,0,0,0,0,
2021-02-02,AZ,Arizona,765083,48574,2760412,,totalTestsViral,6754669,3513,53149,944,,671,,,2021-02-02T00:00:00,2021-02-02T00:00:00Z,02/01 19:00,13362,53149,104681,2021-02-02T00:00:00Z,6754669,,,716509,11912,1450,,3476921,,,,418964,,,,,,,4,2938,6876,3525495,28419,3525495,,238,163,6a4238753efebc5ce06525a03ba39fa00924d89c,0,0,0,0,0,
2021-02-02,CA,California,3270770,,,,totalTestsViral,42851891,14999,,3894,,,,,2021-02-02T02:59:00,2021-02-02T02:59:00Z,02/01 21:59,41330,,,2021-02-02T02:59:00Z,42851891,,,3270770,,,,,,,,,,,,,,,6,12064,0,3270770,282698,3270770,,422,0,8d140ec52ebfa15fae6f23199ee7139e1ddde5bb,0,0,0,0,0,
2021-02-02,CO,Colorado,397998,19878,2031907,,totalTestEncountersViral,5482105,599,21996,,,,,,2021-02-02T01:59:00,2021-02-02T01:59:00Z,02/01 20:59,5650,21996,21127,2021-02-02T01:59:00Z,,,,378120,4942,708,5482105,2410027,351423,45740,304125,,,,,,,,8,935,3429,2429905,14235,2429905,,9,152,685a6f88678c09373774314824b4af8439ba5536,0,0,0,0,0,
2021-02-02,CT,Connecticut,256522,15584,,,totalTestsViral,5588593,900,12257,,,,,,2021-02-01T20:30:00,2021-02-01T20:30:00Z,02/01 15:30,7133,12257,,2021-02-01T20:30:00Z,5588593,292660,5288674,240938,5822,1311,,,,,,,,,,,264276,16028,9,2568,0,256522,51862,256522,,14,0,1b3b149c14e79bfd580c90674d3095f5471c6126,0,0,0,0,0,
2021-02-02,DC,"Washington, D.C.",37138,,,,totalTestEncountersViral,1110294,232,,62,,34,,26086,2021-02-01T00:00:00,2021-02-01T00:00:00Z,01/31 19:00,921,,,2021-02-01T00:00:00Z,,,,,,,1110294,413134,,,,,,,,,,,11,130,0,37138,4224,37138,,5,0,5a6e04e3b70961cfddc097569f66ae35291048d6,0,0,0,0,0,
2021-02-02,DE,Delaware,78696,3869,509757,,totalTestEncountersViral,1243589,326,,42,,,,,2021-02-01T18:00:00,2021-02-01T18:00:00Z,02/01 13:00,1108,,,2021-02-01T18:00:00Z,,82026,,74827,997,111,1243589,588453,,,,,,,,,,,10,201,437,588453,6669,588453,,7,0,3a3934e4a90cc59384c0783aa8d21295971f3491,0,0,0,0,0,
2021-02-02,FL,Florida,1705632,300617,8512227,7320,totalTestEncountersViral,19326910,6020,73961,,,,,,2021-02-01T23:59:00,2021-02-01T23:59:00Z,02/01 18:59,27269,73961,,2021-02-01T23:59:00Z,17177064,2226645,14870465,1405015,,,19326910,10217859,650372,71851,578113,630838,69600,560932,,,,,12,10332,31742,10225179,109904,10217859,,140,410,fa8f6086c43e9b384849b64537b7cb4eb202ddaf,0,0,0,0,0,
2021-02-02,GA,Georgia,917440,162028,,,totalTestsViral,6494048,4335,50685,,8439,,,,2021-02-02T14:50:00,2021-02-02T14:50:00Z,02/02 09:50,14450,50685,,2021-02-02T14:50:00Z,6494048,725757,,755412,12772,1678,,,446775,61862,,,,,,,,,13,4961,0,917440,19915,917440,,208,362,3e38dde895ba3e71fa71fa27c0bff704127507e6,0,0,0,0,0,
2021-02-02,GU,Guam,7610,207,100222,,posNeg,107832,6,,2,,2,,7381,2021-02-02T06:30:00,2021-02-02T06:30:00Z,02/02 01:30,129,,,2021-02-02T06:30:00Z,107625,,,7403,,,,,343,22,,,,,,,8305,270,66,2,458,107832,460,107832,,0,0,160ec45db2509b9aac1511aca7513decfb08e9a7,0,0,0,0,0,
2021-02-02,HI,Hawaii,26672,665,,,totalTestEncountersViral,995847,61,2090,19,,15,,,2021-01-31T14:30:00,2021-01-31T14:30:00Z,01/31 09:30,410,2090,,2021-01-31T14:30:00Z,,25821,,26007,410,,995847,,,,,,,,,,,,15,64,0,26672,2541,26672,,0,4,cdb4ff3ea764236b2b14c7328156e99c3c834ada,0,0,0,0,0,
2021-02-02,IA,Iowa,268376,,988286,,posNeg,1256662,390,,88,,31,,286315,2021-02-02T00:00:00,2021-02-02T00:00:00Z,02/01 19:00,4919,,,2021-02-02T00:00:00Z,2506499,290749,2202680,268376,,,,1259008,,,,102218,14364,87806,219208,52242,1146087,55511,19,463,1011,1256662,1474,1256662,,13,0,86a22efd7f6c2c967985af4ad10f1bbc708f37bf,0,0,0,0,0,
2021-02-02,ID,Idaho,163165,30307,472379,,totalTestsPeopleViral,605237,157,6702,46,1172,,,82721,2021-02-01T19:00:00,2021-02-01T19:00:00Z,02/01 14:00,1735,6702,,2021-02-01T19:00:00Z,993978,,,132858,1522,213,,605237,,,,,,,,,78973,,16,482,1742,635544,2122,635544,,10,28,f86ccb187d8824688c93b5bcb1520315ebf90702,0,0,0,0,0,
2021-02-02,IL,Illinois,1130917,,,,totalTestsViral,16161454,2447,,533,,265,,,2021-02-02T00:00:00,2021-02-02T00:00:00Z,02/01 19:00,21336,,,2021-02-02T00:00:00Z,16161454,,,,19306,2030,,,,,,,,,,,,,17,2304,0,1130917,60899,1130917,,63,0,642153092636aeb0fd060aa57921ff321a200a8c,0,0,0,0,0,
2021-02-02,IN,Indiana,629903,,2338688,,totalTestsViral,7067175,1624,40570,347,7097,200,,,2021-02-01T23:59:00,2021-02-01T23:59:00Z,02/01 18:59,10054,40570,409565,2021-02-01T23:59:00Z,7067175,716476,,,9677,377,,2968591,,,,,,,,,,,18,1512,3498,2968591,27431,2968591,,65,133,592881548b01790df6367b1b67ac93b0d5911a1a,0,0,0,0,0,
2021-02-02,KS,Kansas,276668,,900949,,posNeg,1177617,381,8489,97,2311,48,412,,2021-02-01T10:00:00,2021-02-01T10:00:00Z,02/01 05:00,3809,8489,5715,2021-02-01T10:00:00Z,2221814,,,,,,,1177617,,,,,,,,,,,20,0,0,1177617,0,1177617,,0,0,33a832e74eb1df1107a37eba5c63369af6159f9e,0,0,0,0,0,
2021-02-02,KY,Kentucky,366938,80401,,,totalTestsViral,3626864,1335,16814,373,3584,172,,43714,2021-02-02T00:00:00,2021-02-02T00:00:00Z,02/01 19:00,3812,16814,,2021-02-02T00:00:00Z,3626864,230294,,286537,3478,334,,,108556,8653,,,,,,,348469,31005,21,2431,0,366938,5403,366938,,32,89,15c5fdd32f45c3d227597063d96aa3055a44e58e,0,0,0,0,0,
2021-02-02,LA,Louisiana,404194,51917,4658244,,posNeg,5062438,1440,,,,189,,344321,2021-02-02T13:00:00,2021-02-02T13:00:00Z,02/02 08:00,8953,,,2021-02-02T13:00:00Z,5010521,,,352277,8375,578,,,,,,,,,,,367908,,22,2603,40874,5062438,43477,5062438,,41,0,77c24d6c4e6c76df8e1d923b8423a27d54c205f5,0,0,0,0,0,
2021-02-02,MA,Massachusetts,528662,26284,4111673,,totalTestsViral,13782465,1631,18008,353,,224,,389717,2021-02-01T23:59:00,2021-02-01T23:59:00Z,02/01 18:59,14652,18008,,2021-02-01T23:59:00Z,13782465,601762,,502378,14362,290,,4614051,,,,147875,13999,,480992,,,,25,2239,8264,4640335,61265,4640335,,45,0,dd5890f1a29aa20da3ddcc7f1ef69bc9db6dabdf,0,0,0,0,0,
2021-02-02,MD,Maryland,356541,,2851690,,totalTestsViral,7052264,1467,32291,366,,,,9502,2021-02-02T10:00:00,2021-02-02T10:00:00Z,02/02 05:00,7188,32291,,2021-02-02T10:00:00Z,7052264,434121,,356541,7012,176,,3208231,,,,186392,23333,163059,,,,,24,905,3127,3208231,13702,3208231,,34,110,3a6060adf1ad567adefd3641d061b8d7bf35d677,0,0,0,0,0,
2021-02-02,ME,Maine,39960,7842,,,totalTestsViral,1378012,157,1403,48,,24,,12440,2021-02-01T23:59:00,2021-02-01T23:59:00Z,02/01 18:59,618,1403,,2021-02-01T23:59:00Z,1378012,37198,,32118,605,13,,,14451,714,13725,,,,,,152125,8411,23,417,0,39960,3922,39960,,23,9,45973976418aa5f60a6b8a89f7f5a0832aa1ab35,0,0,0,0,0,
2021-02-02,MI,Michigan,614143,51633,,,totalTestsViral,9533456,1404,,337,,174,,481801,2021-02-02T00:00:00,2021-02-02T00:00:00Z,02/01 19:00,15609,,,2021-02-02T00:00:00Z,9533456,712642,8820814,562510,14672,937,,,493773,,,,,,,,,,26,1433,0,614143,18400,614143,,73,0,b87a3d47f4a7e0a2be59b47c2601bd91e3e32cd4,0,0,0,0,0,
2021-02-02,MN,Minnesota,463132,20262,2828288,,totalTestEncountersViral,6264836,394,24447,84,5056,,,448595,2021-02-01T17:00:00,2021-02-01T17:00:00Z,02/01 12:00,6210,24447,,2021-02-01T17:00:00Z,,,,442870,5961,249,6264836,3271158,,,,,,,,,343096,,27,604,-217,3291420,8980,3291420,,8,95,011af3a759e9a4a882f6cd968cbc5ec47a51a8e1,0,0,0,0,0,
2021-02-02,MO,Missouri,460487,,1780072,,totalTestsViral,4173283,1746,,398,,236,,,2021-02-02T00:59:00,2021-02-02T00:59:00Z,02/01 19:59,7088,,,2021-02-02T00:59:00Z,4173283,508482,3655928,460487,,,,2240559,138167,20281,117699,125388,,,282015,,648239,71453,29,890,2022,2240559,7771,2240559,,340,0,27c2811e7608f23b4ddf74caf030c63859cec185,0,0,0,0,0,
2021-02-02,MP,Northern Mariana Islands,133,,17429,,posNeg,17562,,4,,,,,29,2021-02-01T00:00:00,2021-02-01T00:00:00Z,01/31 19:00,2,4,,2021-02-01T00:00:00Z,26131,,,133,2,,,17542,,,,,,,,,,,69,1,0,17562,1,17562,,0,0,b00d0ab144c09f3bb1abccd33b06d9dc2343634b,0,0,0,0,0,
2021-02-02,MS,Mississippi,276531,102323,1327630,,posNeg,1604161,941,8777,262,,152,,222812,2021-02-01T00:00:00,2021-02-01T00:00:00Z,01/31 19:00,6132,8777,,2021-02-01T00:00:00Z,1501413,,,174208,4418,1714,,,74723,,,,,,,,648722,,28,825,0,1604161,825,1604161,,76,0,8330fe704acf6af8c1ff960f210666241a32260a,0,0,0,0,0,
2021-02-02,MT,Montana,94384,2322,,,totalTestsViral,960130,116,4273,20,,13,,89542,2021-02-02T01:59:00,2021-02-02T01:59:00Z,02/01 20:59,1249,4273,,2021-02-02T01:59:00Z,960130,,,92062,,,,,,,,,,,,,,,30,314,0,94384,3412,94384,,15,25,50d824f0a4c2afb9e1dcd30f1f4b55be26a660d6,0,0,0,0,0,
2021-02-02,NC,North Carolina,764228,81502,,,totalTestsViral,8422860,2741,,645,,,,,2021-02-02T11:15:00,2021-02-02T11:15:00Z,02/02 06:15,9409,,683697,2021-02-02T11:15:00Z,8422860,,,682726,8503,906,,,,,,,,,,,527866,,37,2926,0,764228,21451,764228,,67,0,44804293110e4c7964b56e992ee92baa58c751e2,0,0,0,0,0,
2021-02-02,ND,North Dakota,97798,4417,296832,,totalTestEncountersViral,1348204,45,3789,7,553,,,95491,2021-02-02T01:59:00,2021-02-02T01:59:00Z,02/01 20:59,1447,3789,,2021-02-02T01:59:00Z,1433912,,,93381,,,1348204,394630,13395,1442,11953,,,,,,96270,,38,115,345,394630,1650,394630,,0,7,55f7008534e4264f5e0ddf22b1f767af596d14a3,0,0,0,0,0,
2021-02-02,NE,Nebraska,191437,,734279,,totalTestsViral,2110148,305,5832,,,,,137446,2021-02-02T11:28:00,2021-02-02T11:28:00Z,02/02 06:28,1929,5832,,2021-02-02T11:28:00Z,2110148,220917,1887002,,,,,926198,,,,,,,,,,,31,487,931,925716,7171,925716,,9,17,51f6ca06bef83e5c4e86a545567f89525602ecdb,0,0,0,0,0,
2021-02-02,NH,New Hampshire,66384,18795,552619,,totalTestsViral,1267372,202,1036,,330,,,61096,2021-02-02T09:00:00,2021-02-02T09:00:00Z,02/02 04:00,1066,1036,,2021-02-02T09:00:00Z,1267372,,,47263,,,,600500,38048,,,36609,,,,,136456,,33,326,0,619003,0,619003,,7,0,3e2bfd8ad7633fb5695c73744b2eb2cdf6fd5cca,0,0,0,0,0,
2021-02-02,NJ,New Jersey,703496,74136,8867312,,posNeg,9570808,2892,60822,516,,366,,,2021-02-02T00:00:00,2021-02-02T00:00:00Z,02/01 19:00,21584,60822,68267,2021-02-02T00:00:00Z,9493957,,,629360,19455,2129,,,,,,,,,,,,,34,3150,0,9570808,3150,9570808,,71,201,c6d1ef6ff2bcfdbcac74825ba303c261f891d4a0,0,0,0,0,0,
2021-02-02,NM,New Mexico,174982,,,,totalTestsViral,2365894,492,12185,,,,,105568,2021-02-02T17:50:00,2021-02-02T17:50:00Z,02/02 12:50,3310,12185,,2021-02-02T17:50:00Z,2365894,,,,,,,,,,,,,,,,,,35,432,0,174982,10994,174982,,15,66,85e6898235bb204b49fc4f600df4b5a988ca4bb3,0,0,0,0,0,
2021-02-02,NV,Nevada,279957,,1056626,,totalTestEncountersViral,2503320,1209,,265,,182,,,2021-02-01T00:00:00,2021-02-01T00:00:00Z,01/31 19:00,4324,,,2021-02-01T00:00:00Z,,,,279957,,,2503320,1336583,,,,,,,,,,,32,811,1605,1336583,7250,1336583,,46,0,68b5d17555d59547d3e8aefb8540407dcd9889ef,0,0,0,0,0,
2021-02-02,NY,New York,1427379,,,,totalTestEncountersViral,32486988,8067,89995,1503,,1004,,,2021-02-01T14:00:00,2021-02-01T14:00:00Z,02/01 09:00,35466,89995,128889,2021-02-01T14:00:00Z,,,,,,,32486988,,,,,,,,,,,,36,8215,0,1427379,150199,1427379,,147,0,ebaca4cb516c9ad158df1b5682ffca72922e3b45,0,0,0,0,0,
2021-02-02,OH,Ohio,902736,117341,,,totalTestsViral,9146476,2488,46659,641,6730,426,,793766,2021-02-02T14:00:00,2021-02-02T14:00:00Z,02/02 09:00,11336,46659,,2021-02-02T14:00:00Z,9146476,812704,,785395,10084,1252,,,,,,,,,,,1303927,71512,39,3657,0,902736,41619,902736,,106,221,d98a74de409ad1261fdc86dbe0423dab8cb69850,0,0,0,0,0,
2021-02-02,OK,Oklahoma,392164,,2822470,2890,posNeg,3214634,1123,21996,320,,,,360702,,,,3602,21996,,,3195609,364500,2822470,,,,,,115559,11794,,,,,,,,,40,1296,27129,3217524,28425,3214634,,38,39,5180d80046b5b8242e9a4c3aae7150e2af95c29c,0,0,0,0,0,
2021-02-02,OR,Oregon,143373,,,,totalTestsViral,3202207,336,7796,68,,32,,,2021-02-01T03:01:00,2021-02-01T03:01:00Z,01/31 22:01,1958,7796,,2021-02-01T03:01:00Z,3202207,189816,3012391,,,,,,,,,,,,,,,,41,957,0,143373,39457,143373,,1,58,e09a9a160954d39d3d5dee34d426473aefec0012,0,0,0,0,0,
2021-02-02,PA,Pennsylvania,850488,111155,3656629,,totalTestEncountersViral,9306907,3281,,669,,380,,697400,2021-02-02T12:00:00,2021-02-02T12:00:00Z,02/02 07:00,21812,,,2021-02-02T12:00:00Z,,,,739333,,,9306907,4395962,,,,,,,,,,,42,4410,9981,4507117,42303,4507117,,125,0,d8d6af02b88a9e1fd76363240450005c2b1341fe,0,0,0,0,0,
2021-02-02,PR,Puerto Rico,94526,6861,305972,,posNeg,400498,298,,57,,41,,78813,2021-02-02T00:00:00,2021-02-02T00:00:00Z,02/01 19:00,1846,,,2021-02-02T00:00:00Z,415664,20103,395291,87665,1555,291,,,,69596,,,,,,,,,72,288,0,400498,288,400498,,10,0,2a0b2da7a101cccd4da225120f79aa3f24207a56,0,0,0,0,0,
2021-02-02,RI,Rhode Island,116191,,629454,,totalTestEncountersViral,2553744,307,8331,41,,25,,,2021-02-02T13:00:00,2021-02-02T13:00:00Z,02/02 08:00,2186,8331,7096,2021-02-02T13:00:00Z,,138536,2415208,,,,2553744,745645,,,,,,,,,,,44,235,660,745645,8240,745645,,13,35,86ea47a67eeac511a081177bbc11a3931ee2f108,0,0,0,0,0,
2021-02-02,SC,South Carolina,447904,47432,3836433,,posNeg,4284337,1832,18146,401,,245,,199045,2021-01-31T23:59:00,2021-01-31T23:59:00Z,01/31 18:59,7318,18146,,2021-01-31T23:59:00Z,4236905,512381,3724524,400472,6599,719,,,122181,22564,99617,,,,,,666223,88545,45,1988,23556,4284337,25544,4284337,,35,33,37338991df9fd7d55ee3dafe6dbba50c3a4994f8,0,0,0,0,0,
2021-02-02,SD,South Dakota,108431,11584,294976,,totalTestsViral,652680,131,6304,21,,17,,104052,2021-02-01T14:00:00,2021-02-01T14:00:00Z,02/01 09:00,1779,6304,,2021-02-01T14:00:00Z,652680,102173,,96847,,,,403407,,,,,,,,,,,46,116,408,403407,593,403407,,1,10,53de90f6ec56e7302cb8851e454dcd3115df6bc9,0,0,0,0,0,
2021-02-02,TN,Tennessee,731360,111748,,,totalTestsViral,6347070,1687,17276,471,,277,,688963,2021-02-02T15:00:00,2021-02-02T15:00:00Z,02/02 10:00,9900,17276,,2021-02-02T15:00:00Z,6347070,713994,5633076,619612,8068,1832,,,,,,,,,,,915501,122057,47,2173,0,731360,10080,731360,,147,104,498c7300800629ee306575b46abf5995ffdaf9de,0,0,0,0,0,
2021-02-02,TX,Texas,2415490,308761,,,totalTestsViral,17605821,11002,,3073,,,,1993704,2021-02-02T16:15:00,2021-02-02T16:15:00Z,02/02 11:15,36870,,,2021-02-02T16:15:00Z,17605821,2377723,,2106729,,,,,931104,126251,,,,,,,1849176,169937,48,23047,0,2415490,101463,2415490,,331,0,b0c336c895222bd0a264e00a38bc6765437532ff,0,0,0,0,0,
2021-02-02,UT,Utah,348409,,1441430,,totalTestsViral,2623440,485,13576,130,2136,,734,309977,2021-02-02T09:30:00,2021-02-02T09:30:00Z,02/02 04:30,1685,13576,,2021-02-02T09:30:00Z,2623440,325159,2298281,,,,,1739975,,,,,,,295687,49315,746132,51451,49,1201,3224,1789839,9622,1789839,,17,61,09930ec0b3c235b1ea2a4b3c7dea32d7a5fa71c4,0,0,0,0,0,
2021-02-02,VA,Virginia,510380,101959,,239,totalTestEncountersViral,5281726,2473,21516,493,,304,,,2021-02-01T17:00:00,2021-02-01T17:00:00Z,02/01 12:00,6517,21516,40673,2021-02-01T17:00:00Z,,502961,,408421,5684,833,5281726,,209170,23215,,,,,,,1078482,104031,51,2740,0,510619,19925,510380,,43,72,ddb35b23cc7a32ead0028f9b9fd19945160ff6f2,0,0,0,0,0,
2021-02-02,VI,United States Virgin Islands,2426,,39700,97,posNeg,42126,,,,,,,2317,2021-02-02T10:38:00,2021-02-02T10:38:00Z,02/02 05:38,24,,,2021-02-02T10:38:00Z,,,,,,,,42223,,,,,,,,,,,78,5,246,42223,251,42126,,0,0,7b53b58c5d36ecaac5f9c9d3793a5055792ce6f4,0,0,0,0,0,
2021-02-02,VT,Vermont,12196,309,293898,,totalTestsViral,886121,59,,12,,,,8581,2021-02-01T23:59:00,2021-02-01T23:59:00Z,02/01 18:59,176,,,2021-02-01T23:59:00Z,886121,,,11887,,,,305785,,,,,,,,,,,50,113,24,306094,-22702,306094,,1,0,92ce8999e2dd8579f52250d67034364c9f0262ef,0,0,0,0,0,
2021-02-02,WA,Washington,313335,14237,,,totalTestEncountersViral,4597590,814,17812,203,,90,,,2021-02-01T02:59:00,2021-02-01T02:59:00Z,01/31 21:59,4318,17812,,2021-02-01T02:59:00Z,,,,299098,,,4597590,,,,,,,,,,,,53,1738,0,313335,49351,313335,,33,106,472bbceec837622f51955d95030eedfbffba1ab8,0,0,0,0,0,
2021-02-02,WI,Wisconsin,594217,49957,2512757,44,totalTestEncountersViral,6204596,686,24460,146,2185,,,520325,2021-02-02T00:00:00,2021-02-02T00:00:00Z,02/01 19:00,6480,24460,,2021-02-02T00:00:00Z,,,,544260,5937,543,6204596,3057017,,,,,,,,,,,55,1296,2087,3107018,43823,3106974,,44,123,62c3900a1c96a354bbbc00a0d316b7dae4d78020,0,0,0,0,0,
2021-02-02,WV,West Virginia,121935,24138,,,totalTestsViral,1934122,465,,131,,57,,99857,2021-02-01T23:59:00,2021-02-01T23:59:00Z,02/01 18:59,2031,,,2021-02-01T23:59:00Z,1934122,,,97797,1737,294,,,30614,,,,,,,,,,54,510,0,121935,8816,121935,,3,0,c01fcbc202ed76397df25db97ec8ddd2fc74058b,0,0,0,0,0,
2021-02-02,WY,Wyoming,52128,7659,171825,,totalTestsViral,647149,53,1289,,,,,50431,2021-02-02T00:00:00,2021-02-02T00:00:00Z,02/01 19:00,624,1289,,2021-02-02T00:00:00Z,647149,46168,607903,44469,,,,216294,,,,,,,,,,,56,71,-1554,223953,-4642,223953,,28,0,d4f8539dd99c3032e55fd856ce9e21605d6c9244,0,0,0,0,0,
2021-02-01,AK,Alaska,52668,,,,totalTestsViral,1507662,43,1205,,,10,,,2021-02-01T03:59:00,2021-02-01T03:59:00Z,01/31 22:59,262,1205,,2021-02-01T03:59:00Z,1507662,63384,1442574,,,,,,,,,,,,,,,,2,70,0,52668,7337,52668,,0,0,5aab393882c716836ef3f895b114c443a63ba6d0,0,0,0,0,0,
2021-02-01,AL,Alabama,460860,97632,1781197,,totalTestsPeopleViral,2144425,1888,41859,,2552,,1456,242143,2021-02-01T00:00:00,2021-02-01T00:00:00Z,01/31 19:00,7688,41859,,2021-02-01T00:00:00Z,,,,363228,6171,1517,,2144425,,,,105851,,,,,,,1,1221,2811,2242057,3720,2242057,,0,0,47cb60257a778aaaa383e27532f13e3ac5a18e1a,0,0,0,0,0,
2021-02-01,AR,Arkansas,296494,59954,2201961,,totalTestsViral,2438501,889,13651,276,,146,1426,274904,2021-02-01T00:00:00,2021-02-01T00:00:00Z,01/31 19:00,4895,13651,,2021-02-01T00:00:00Z,2438501,,2201961,236540,3937,958,,,,,,,,,363592,70315,,,5,1226,6091,2498455,6963,2498455,,27,41,f6d6fd92c952f5e33ac12edb93d73e87d962ecc8,0,0,0,0,0,
2021-02-01,AS,American Samoa,0,,2140,,totalTestsViral,2140,,,,,,,,2020-12-01T00:00:00,2020-12-01T00:00:00Z,11/30 19:00,0,,,2020-12-01T00:00:00Z,2140,,,0,,,,,,,,,,,,,,,60,0,0,2140,0,2140,,0,0,ccf914fff4d855103c54c5bb913bcd9a6c3550f3,0,0,0,0,0,
2021-02-01,AZ,Arizona,762145,48344,2753536,,totalTestsViral,6726250,3654,52986,984,,662,,,2021-02-01T00:00:00,2021-02-01T00:00:00Z,01/31 19:00,13124,52986,104102,2021-02-01T00:00:00Z,6726250,,,713801,11707,1417,,3467337,,,,418734,,,,,,,4,3741,6493,3515681,27498,3515681,,4,222,8d83fb225f497a124c7beb3bf4418cab6c2cfce6,0,0,0,0,0,
2021-02-01,CA,California,3258706,,,,totalTestsViral,42569193,15212,,3949,,,,,2021-02-01T02:59:00,2021-02-01T02:59:00Z,01/31 21:59,40908,,,2021-02-01T02:59:00Z,42569193,,,3258706,,,,,,,,,,,,,,,6,15358,0,3258706,290175,3258706,,211,0,3d167c11269d4ee78daaef02a17fc8b3bd7ac66f,0,0,0,0,0,
2021-02-01,CO,Colorado,397063,19662,2028478,,totalTestEncountersViral,5467870,611,21844,,,,,,2021-02-01T01:59:00,2021-02-01T01:59:00Z,01/31 20:59,5641,21844,21043,2021-02-01T01:59:00Z,,,,377401,4932,709,5467870,2405879,349865,45552,303256,,,,,,,,8,884,16736,2425541,15820,2425541,,4,11,2c3c925a4be0ef7c11c06f83c181546de307c5b4,0,0,0,0,0,
2021-02-01,CT,Connecticut,253954,15419,,,totalTestsViral,5536731,912,12257,,,,,,2021-01-31T23:59:00,2021-01-31T23:59:00Z,01/31 18:59,7119,12257,,2021-01-31T23:59:00Z,5536731,289594,5239888,238535,5806,1313,,,,,,,,,,,257183,15705,9,3931,0,253954,98,253954,,73,0,3f88fdfa86445f4cbb3c9ad65c1e202514fa6464,0,0,0,0,0,
2021-02-01,DC,"Washington, D.C.",37008,,,,totalTestEncountersViral,1106070,240,,66,,46,,25915,2021-01-31T00:00:00,2021-01-31T00:00:00Z,01/30 19:00,916,,,2021-01-31T00:00:00Z,,,,,,,1106070,412274,,,,,,,,,,,11,136,0,37008,5604,37008,,3,0,6d4317612b48889a9e536edf05a2a4ea33832e51,0,0,0,0,0,
2021-02-01,DE,Delaware,78495,3817,509320,,totalTestEncountersViral,1236920,321,,39,,,,,2021-01-31T18:00:00,2021-01-31T18:00:00Z,01/31 13:00,1101,,,2021-01-31T18:00:00Z,,81472,,74678,991,110,1236920,587815,,,,,,,,,,,10,424,1379,587815,6037,587815,,11,0,72c36d255a1abf9cc47792825ced2ba83393621a,0,0,0,0,0,
2021-02-01,FL,Florida,1695300,297288,8480485,7245,totalTestEncountersViral,19217006,6142,73551,,,,,,2021-01-31T23:59:00,2021-01-31T23:59:00Z,01/31 18:59,27129,73551,,2021-01-31T23:59:00Z,17083600,2212703,14791520,1398012,,,19217006,10175785,650372,71851,578113,630838,69600,560932,,,,,12,5600,19021,10183030,59496,10175785,,214,167,6ce466fd9ac027217a5b17c2c70896c6a7eff2e6,0,0,0,0,0,
2021-02-01,GA,Georgia,912479,160031,,,totalTestsViral,6474133,4438,50323,,8400,,,,2021-02-01T14:50:00,2021-02-01T14:50:00Z,02/01 09:50,14242,50323,,2021-02-01T14:50:00Z,6474133,723022,,752448,12613,1629,,,446424,61724,,,,,,,,,13,3034,0,912479,21387,912479,,44,86,909edfeb46f7dbdf092a5a2f5d338ed5b8bb77bf,0,0,0,0,0,
2021-02-01,GU,Guam,7608,207,99764,,posNeg,107372,6,,2,,2,,7377,2021-02-01T07:00:00,2021-02-01T07:00:00Z,02/01 02:00,129,,,2021-02-01T07:00:00Z,107165,,,7401,,,,,343,22,,,,,,,8240,270,66,21,1221,107372,1242,107372,,0,0,99912850df6384ff54ebb447af5697b1afc608c7,0,0,0,0,0,
2021-02-01,HI,Hawaii,26608,665,,,totalTestEncountersViral,993306,63,2086,16,,12,,,2021-01-30T14:30:00,2021-01-30T14:30:00Z,01/30 09:30,410,2086,,2021-01-30T14:30:00Z,,25806,,25943,410,,993306,,,,,,,,,,,,15,90,0,26608,5831,26608,,0,19,3734a7a724e404260bbfff783f689faf335f31a2,0,0,0,0,0,
2021-02-01,IA,Iowa,267913,,987275,,posNeg,1255188,368,,92,,28,,283036,2021-01-02T00:00:00,2021-01-02T00:00:00Z,01/01 19:00,4906,,,2021-01-02T00:00:00Z,2499887,290215,2196634,267913,,,,1257527,,,,101560,14114,87398,217424,51905,1131661,55190,19,355,1145,1255188,1500,1255188,,5,0,540b672e72709cea618ff5942eb7dba728111d9d,0,0,0,0,0,
2021-02-01,ID,Idaho,162683,30205,470637,,totalTestsPeopleViral,603115,225,6674,57,1169,,,81591,2021-01-30T19:00:00,2021-01-30T19:00:00Z,01/30 14:00,1725,6674,,2021-01-30T19:00:00Z,990444,,,132478,1513,212,,603115,,,,,,,,,78973,,16,0,0,633320,0,633320,,0,0,bf85eb6e9a6b26c243f128f9b7c4e1679ee6f45c,0,0,0,0,0,
2021-02-01,IL,Illinois,1128613,,,,totalTestsViral,16100555,2387,,515,,278,,,2021-02-01T00:00:00,2021-02-01T00:00:00Z,01/31 19:00,21273,,,2021-02-01T00:00:00Z,16100555,,,,19259,2014,,,,,,,,,,,,,17,2312,0,1128613,61263,1128613,,20,0,3187f2ad2da6844fcf8a5f935b53a048fceb32f9,0,0,0,0,0,
2021-02-01,IN,Indiana,628391,,2335190,,totalTestsViral,7039744,1594,40437,374,7065,201,,,2021-01-31T23:59:00,2021-01-31T23:59:00Z,01/31 18:59,9989,40437,407664,2021-01-31T23:59:00Z,7039744,714746,,,9613,376,,2963581,,,,,,,,,,,18,1709,4005,2963581,25221,2963581,,15,89,cb110bf13c69a70306560b0dcf9e765f375debde,0,0,0,0,0,
2021-02-01,KS,Kansas,276668,,900949,,posNeg,1177617,381,8489,97,2311,48,412,,2021-02-01T10:00:00,2021-02-01T10:00:00Z,02/01 05:00,3809,8489,5715,2021-02-01T10:00:00Z,2221814,,,,,,,1177617,,,,,,,,,,,20,1983,6911,1177617,8894,1177617,,30,72,88fb4b3de4e2d13d0f5aa8b4a4e3e8c24af88a92,0,0,0,0,0,
2021-02-01,KY,Kentucky,364507,79369,,,totalTestsViral,3621461,1314,16725,337,3568,178,,43492,2021-02-01T00:00:00,2021-02-01T00:00:00Z,01/31 19:00,3780,16725,,2021-02-01T00:00:00Z,3621461,229908,,285138,3450,330,,,108391,8605,,,,,,,341177,30681,21,1617,0,364507,31239,364507,,35,38,5e471cdb49bd795814f109a0c395754d42cb2fe8,0,0,0,0,0,
2021-02-01,LA,Louisiana,401591,50968,4617370,,posNeg,5018961,1403,,,,187,,344321,2021-02-01T13:00:00,2021-02-01T13:00:00Z,02/01 08:00,8912,,,2021-02-01T13:00:00Z,4967993,,,350623,8340,572,,,,,,,,,,,360086,,22,965,10548,5018961,11513,5018961,,53,0,b8959bbff548a3172c4527152bc04606ca731850,0,0,0,0,0,
2021-02-01,MA,Massachusetts,526423,26008,4103409,,totalTestsViral,13721200,1676,18008,373,,222,,389717,2021-01-31T23:59:00,2021-01-31T23:59:00Z,01/31 18:59,14607,18008,,2021-01-31T23:59:00Z,13721200,599434,,500415,14317,290,,4603824,,,,147875,13999,,476976,,,,25,2398,11221,4629832,88302,4629832,,30,0,f043f0798e7bcb6eb1e63b5cfdd7e12b777c4c26,0,0,0,0,0,
2021-02-01,MD,Maryland,355636,,2848563,,totalTestsViral,7038562,1437,32181,371,,,,9501,2021-02-01T10:00:00,2021-02-01T10:00:00Z,02/01 05:00,7154,32181,,2021-02-01T10:00:00Z,7038562,433006,,355636,6978,176,,3204199,,,,186392,23333,163059,,,,,24,1163,7449,3204199,25408,3204199,,27,126,eca57b0450c578652c46f26887fcffa9887b107b,0,0,0,0,0,
2021-02-01,ME,Maine,39543,7690,,,totalTestsViral,1374090,164,1394,51,,28,,12422,2021-01-31T23:59:00,2021-01-31T23:59:00Z,01/31 18:59,595,1394,,2021-01-31T23:59:00Z,1374090,37042,,31853,585,10,,,14432,713,13707,,,,,,150334,8305,23,219,0,39543,7270,39543,,5,4,1985aaab3cfbb5de9899fb8b89e9a8e8a79cea62,0,0,0,0,0,
2021-02-01,MI,Michigan,612710,51403,,,totalTestsViral,9515056,1409,,336,,170,,481801,2021-02-01T00:00:00,2021-02-01T00:00:00Z,01/31 19:00,15536,,,2021-02-01T00:00:00Z,9515056,711592,8803464,561307,14609,927,,,492095,,,,,,,,,,26,2572,0,612710,49911,612710,,11,0,d230d93935fe495cfcb855513720f791e41aa14e,0,0,0,0,0,
2021-02-01,MN,Minnesota,462528,20138,2828505,,totalTestEncountersViral,6255856,387,24352,92,5045,,,447420,2021-02-01T17:00:00,2021-02-01T17:00:00Z,02/01 12:00,6202,24352,,2021-02-01T17:00:00Z,,,,442390,5953,249,6255856,3270895,,,,,,,,,341986,,27,721,5983,3291033,19216,3291033,,2,44,7ad37a957cd64f10864b44a3426e5bb978f38758,0,0,0,0,0,
2021-02-01,MO,Missouri,459597,,1778050,,totalTestsViral,4165512,1778,,401,,244,,,2021-02-01T00:59:00,2021-02-01T00:59:00Z,01/31 19:59,6748,,,2021-02-01T00:59:00Z,4165512,507534,3649122,459597,,,,2237647,136941,20061,116694,124439,,,278896,,640880,70855,29,778,2661,2237647,8720,2237647,,0,0,820f6065a8fa0152c7598ee37fd56c348c3d900b,0,0,0,0,0,
2021-02-01,MP,Northern Mariana Islands,132,,17429,,posNeg,17561,,4,,,,,29,2021-01-29T00:00:00,2021-01-29T00:00:00Z,01/28 19:00,2,4,,2021-01-29T00:00:00Z,26131,,,132,2,,,17542,,,,,,,,,,,69,0,0,17561,0,17561,,0,0,46dc1cf50d1ba5b19076cb0ea5ed65a452d2c97b,0,0,0,0,0,
2021-02-01,MS,Mississippi,275706,101923,1327630,,posNeg,1603336,948,8777,269,,152,,222812,2021-01-31T00:00:00,2021-01-31T00:00:00Z,01/30 19:00,6056,8777,,2021-01-31T00:00:00Z,1501413,,,173783,4385,1671,,,74723,,,,,,,,648722,,28,705,33142,1603336,33847,1603336,,11,130,2e258298a5997551fcd776792339fe49ecd60f03,0,0,0,0,0,
2021-02-01,MT,Montana,94070,2260,,,totalTestsViral,956718,108,4248,20,,15,,89218,2021-02-01T01:59:00,2021-02-01T01:59:00Z,01/31 20:59,1234,4248,,2021-02-01T01:59:00Z,956718,,,91810,,,,,,,,,,,,,,,30,121,0,94070,2469,94070,,1,3,5a69df503f9d143b74db2bb08908e66ccb18dc4b,0,0,0,0,0,
2021-02-01,NC,North Carolina,761302,80856,,,totalTestsViral,8401409,2781,,636,,,,,2021-02-01T11:45:00,2021-02-01T11:45:00Z,02/01 06:45,9342,,683697,2021-02-01T11:45:00Z,8401409,,,680446,8448,894,,,,,,,,,,,524653,,37,3776,0,761302,45291,761302,,7,0,d4233913626715212f3af75753feb7abe691abcb,0,0,0,0,0,
2021-02-01,ND,North Dakota,97683,4360,296487,,totalTestEncountersViral,1346554,47,3782,8,553,,,95308,2021-02-01T01:59:00,2021-02-01T01:59:00Z,01/31 20:59,1447,3782,,2021-02-01T01:59:00Z,1431933,,,93323,,,1346554,394170,13395,1442,11953,,,,,,93194,,38,53,31,394170,555,394170,,5,2,442ea2d2032b53cef9cd2c0b134770f4efe1b87d,0,0,0,0,0,
2021-02-01,NE,Nebraska,190950,,733348,,totalTestsViral,2102977,312,5815,,,,,136972,2021-02-01T11:30:00,2021-02-01T11:30:00Z,02/01 06:30,1920,5815,,2021-02-01T11:30:00Z,2102977,220260,1880481,,,,,924780,,,,,,,,,,,31,237,629,924298,2854,924298,,0,11,7d0c6832e7c283ef8ec0bd26969fe72cf9b8399d,0,0,0,0,0,
2021-02-01,NH,New Hampshire,66058,18795,552619,,totalTestsViral,1267372,193,1036,,330,,,60337,2021-02-01T09:00:00,2021-02-01T09:00:00Z,02/01 04:00,1059,1036,,2021-02-01T09:00:00Z,1267372,,,47263,,,,599882,38048,,,36570,,,,,136456,,33,363,792,618677,5215,618677,,2,-1,c67e8bdb937b27167763d3628f98c19f6f746034,0,0,0,0,0,
2021-02-01,NJ,New Jersey,700346,73701,8867312,,posNeg,9567658,2865,60621,531,,355,,,2021-02-01T00:00:00,2021-02-01T00:00:00Z,01/31 19:00,21513,60621,68012,2021-02-01T00:00:00Z,9493957,,,626645,19384,2129,,,,,,,,,,,,,34,3517,156167,9567658,159684,9567658,,29,77,c6400af7f2a954ba9caae677ab50deb98dd8ddcb,0,0,0,0,0,
2021-02-01,NM,New Mexico,174550,,,,totalTestsViral,2354900,477,12119,,,,,104125,2021-02-01T17:49:00,2021-02-01T17:49:00Z,02/01 12:49,3295,12119,,2021-02-01T17:49:00Z,2354900,,,,,,,,,,,,,,,,,,35,486,0,174550,11445,174550,,12,44,7e1aa6e2eb9ff7bc9b8522508d854500c6c9c7f3,0,0,0,0,0,
2021-02-01,NV,Nevada,279146,,1055021,,totalTestEncountersViral,2496070,1247,,290,,184,,,2021-01-31T00:00:00,2021-01-31T00:00:00Z,01/30 19:00,4278,,,2021-01-31T00:00:00Z,,,,279146,,,2496070,1334167,,,,,,,,,,,32,838,2204,1334167,8021,1334167,,8,0,82f088fcb5d2059ad71789471da698aec4e1b5a8,0,0,0,0,0,
2021-02-01,NY,New York,1419164,,,,totalTestEncountersViral,32336789,8003,89995,1500,,987,,,2021-01-31T14:00:00,2021-01-31T14:00:00Z,01/31 09:00,35319,89995,128354,2021-01-31T14:00:00Z,,,,,,,32336789,,,,,,,,,,,,36,8508,0,1419164,175038,1419164,,141,0,dd75accb90a7e593087e42900957ed8bc23424ed,0,0,0,0,0,
2021-02-01,OH,Ohio,899079,115921,,,totalTestsViral,9104857,2521,46438,652,6709,454,,786249,2021-02-01T14:00:00,2021-02-01T14:00:00Z,02/01 09:00,11230,46438,,2021-02-01T14:00:00Z,9104857,810600,,783158,10000,1230,,,,,,,,,,,1291665,70877,39,3287,0,899079,30787,899079,,55,223,c2dcee9dc614b5c125f3b029de16f497adc6669a,0,0,0,0,0,
2021-02-01,OK,Oklahoma,390868,,2795341,4314,posNeg,3186209,1184,21957,345,,,,358040,,,,3564,21957,,,3166000,360890,2795341,,,,,,115559,11794,,,,,,,,,40,1396,0,3190523,1396,3186209,,17,36,fcfe1dd5acb476858366ff35c2760e8ef2378cd2,0,0,0,0,0,
2021-02-01,OR,Oregon,142416,,,,totalTestsViral,3162750,320,7738,73,,35,,,2021-01-30T03:01:00,2021-01-30T03:01:00Z,01/29 22:01,1957,7738,,2021-01-30T03:01:00Z,3162750,187912,2947838,,,,,,,,,,,,,,,,41,0,0,142416,0,142416,,0,0,9e1e37276ff0e718b81cd7de768f9b0a48ba5fa5,0,0,0,0,0,
2021-02-01,PA,Pennsylvania,846078,109842,3646648,,totalTestEncountersViral,9264604,3280,,650,,420,,693783,2021-02-01T12:00:00,2021-02-01T12:00:00Z,02/01 07:00,21687,,,2021-02-01T12:00:00Z,,,,736236,,,9264604,4382884,,,,,,,,,,,42,2854,9497,4492726,35893,4492726,,26,0,833230bdfc87177b790e34ea26905d32bdce47a4,0,0,0,0,0,
2021-02-01,PR,Puerto Rico,94238,6798,305972,,posNeg,400210,282,,55,,40,,78813,2021-02-01T00:00:00,2021-02-01T00:00:00Z,01/31 19:00,1836,,,2021-02-01T00:00:00Z,415664,20103,395291,87440,1547,289,,,,69231,,,,,,,,,72,614,0,400210,614,400210,,7,0,5715dd1c4cc4e7fcc40cadbf410d85d0f3884fe6,0,0,0,0,0,
2021-02-01,RI,Rhode Island,115956,,628794,,totalTestEncountersViral,2545504,316,8296,47,,29,,,2021-02-01T13:00:00,2021-02-01T13:00:00Z,02/01 08:00,2173,8296,7054,2021-02-01T13:00:00Z,,138279,2407225,,,,2545504,744750,,,,,,,,,,,44,249,975,744750,6710,744750,,5,117,46dc1debeb8c531f163061881ff7cedc39c1ee89,0,0,0,0,0,
2021-02-01,SC,South Carolina,445916,47024,3812877,,posNeg,4258793,1842,18113,391,,240,,197810,2021-01-30T23:59:00,2021-01-30T23:59:00Z,01/30 18:59,7283,18113,,2021-01-30T23:59:00Z,4211769,510173,3701596,398892,6564,719,,,121817,22421,99396,,,,,,662554,88101,45,2530,28738,4258793,31268,4258793,,241,23,bea5722f032f23d04613a7bda6da177fa4ad2f06,0,0,0,0,0,
2021-02-01,SD,South Dakota,108315,11580,294568,,totalTestsViral,652087,126,6294,27,,20,,103709,2021-01-31T14:00:00,2021-01-31T14:00:00Z,01/31 09:00,1778,6294,,2021-01-31T14:00:00Z,652087,102120,,96735,,,,402883,,,,,,,,,,,46,65,205,402883,974,402883,,0,4,2faec551f03077bfe7238d30547ed1eb81d98604,0,0,0,0,0,
2021-02-01,TN,Tennessee,729187,110868,,,totalTestsViral,6336990,1682,17172,447,,253,,685162,2021-02-01T15:00:00,2021-02-01T15:00:00Z,02/01 10:00,9753,17172,,2021-02-01T15:00:00Z,6336990,712703,5624287,618319,7975,1778,,,,,,,,,,,905061,121133,47,1326,0,729187,9606,729187,,103,52,1def69fc0f421ee75286f5600c8b2c45781fe14d,0,0,0,0,0,
2021-02-01,TX,Texas,2392443,305273,,,totalTestsViral,17504358,11074,,3111,,,,1974572,2021-02-01T14:40:00,2021-02-01T14:40:00Z,02/01 09:40,36539,,,2021-02-01T14:40:00Z,17504358,2362669,,2087170,,,,,924087,124863,,,,,,,1819443,167830,48,31811,0,2392443,105238,2392443,,48,0,00b62b70f07a11e8bffd2d68fdd3b777f82e44b2,0,0,0,0,0,
2021-02-01,UT,Utah,347208,,1438206,,totalTestsViral,2613818,488,13515,129,2115,,731,307848,2021-02-01T10:43:00,2021-02-01T10:43:00Z,02/01 05:43,1668,13515,,2021-02-01T10:43:00Z,2613818,324317,2289501,,,,,1736035,,,,,,,292128,48785,733183,50888,49,584,2738,1785414,6460,1785414,,3,47,4d05395dde6f5e95081d3cea9a4d47bea2fea107,0,0,0,0,0,
2021-02-01,VA,Virginia,507640,101049,,263,totalTestEncountersViral,5261801,2446,21444,478,,304,,,2021-01-31T17:00:00,2021-01-31T17:00:00Z,01/31 12:00,6474,21444,40511,2021-01-31T17:00:00Z,,500306,,406591,5666,808,5261801,,208424,22977,,,,,,,1064820,103381,51,2861,0,507903,27646,507640,,10,35,e0e10c8d0b7c2e6b58ebe793d96f44c4c2d6432b,0,0,0,0,0,
2021-02-01,VI,United States Virgin Islands,2421,,39454,93,posNeg,41875,,,,,,,2306,2021-02-01T09:25:00,2021-02-01T09:25:00Z,02/01 04:25,24,,,2021-02-01T09:25:00Z,,,,,,,,41968,,,,,,,,,,,78,23,364,41968,387,41875,,0,0,eb202421412d7049099255c7032934ac81f62a54,0,0,0,0,0,
2021-02-01,VT,Vermont,12083,308,293874,,totalTestsViral,908823,67,,6,,,,8268,2021-01-31T23:59:00,2021-01-31T23:59:00Z,01/31 18:59,175,,,2021-01-31T23:59:00Z,908823,,,11775,,,,305649,,,,,,,,,,,50,118,1826,305957,11472,305957,,1,0,abb92f73ce430f356adfbb36d206bde6b72b63a6,0,0,0,0,0,
2021-02-01,WA,Washington,311597,14084,,,totalTestEncountersViral,4548239,797,17706,193,,88,,,2021-01-31T02:59:00,2021-01-31T02:59:00Z,01/30 21:59,4285,17706,,2021-01-31T02:59:00Z,,,,297513,,,4548239,,,,,,,,,,,,53,0,0,311597,0,311597,,0,0,92791f97f0788b3462068049676dde0000e4f0c8,0,0,0,0,0,
2021-02-01,WI,Wisconsin,592921,49756,2510670,42,totalTestEncountersViral,6160773,697,24337,168,2181,,,518801,2021-02-01T00:00:00,2021-02-01T00:00:00Z,01/31 19:00,6436,24337,,2021-02-01T00:00:00Z,,,,543165,5897,539,6160773,3053835,,,,,,,,,,,55,781,3070,3103633,-16802,3103591,,2,39,15de601b7e98d0a80c0968294cbc90087d5234aa,0,0,0,0,0,
2021-02-01,WV,West Virginia,121425,24051,,,totalTestsViral,1925306,438,,118,,48,,98782,2021-01-31T23:59:00,2021-01-31T23:59:00Z,01/31 18:59,2028,,,2021-01-31T23:59:00Z,1925306,,,97374,1735,293,,,30598,,,,,,,,,,54,424,0,121425,5006,121425,,4,0,e3be106807bec30d8a59f78fca3e4d4b4c15aa96,0,0,0,0,0,
2021-02-01,WY,Wyoming,52057,7603,173379,,totalTestsViral,651791,53,1289,,,,,50317,2021-02-01T00:00:00,2021-02-01T00:00:00Z,01/31 19:00,596,1289,,2021-02-01T00:00:00Z,651791,46137,605608,44454,,,,217833,,,,,,,,,,,56,145,922,225436,16806,225436,,0,5,bac18a9aede504a1b043a0096fa0d2e0658331fe,0,0,0,0,0,
